<?xml version="1.0" encoding="UTF-8" ?>
<!DOCTYPE configuration
PUBLIC "-//mybatis.org//DTD Config 3.0//EN"
"http://mybatis.org/dtd/mybatis-3-config.dtd">
<configuration>
    <typeAliases>
        <typeAlias alias="admin" type="com.po.admin"/>
        <typeAlias alias="student" type="com.po.student"/>
        <typeAlias alias="teacher" type="com.po.teacher"/>
     </typeAliases>
	 <mappers>
        <mapper resource="com/mybatis/admin/adminMapper.xml"/>
        <mapper resource="com/mybatis/admin/studentMapper.xml"/>
        <mapper resource="com/mybatis/admin/teacherMapper.xml"/>
 	</mappers>
</configuration>

