<?xml version="1.0" encoding="UTF-8" ?>
<!DOCTYPE mapper
PUBLIC "-//mybatis.org//DTD Mapper 3.0//EN"
"http://mybatis.org/dtd/mybatis-3-mapper.dtd">
<mapper namespace="com.dao.adminStudentDao">

	<select id="selectStudent"  resultType="student">
		select * from student
	</select>
	<!-- 根据id查询 -->
	<select id="selectStudentById"  resultType="Student" parameterType="Integer">
		select * from student t where t.id=#{id};
	</select>
	<!-- 添加 -->
	<insert id="addStudent" parameterType="student">
		insert into student (id, student_name, pwd, student_class, final_grades, comprehensive_assessment, competition_add, activity_add, cadres_add, picture_prove,teacher_flag,admin_flag)  
		values (#{id}, #{student_name}, #{pwd}, #{student_class},#{final_grades},#{comprehensive_assessment},#{competition_add},#{activity_add},#{cadres_add},#{picture_prove},#{teacher_flag},#{admin_flag})
	</insert>
	<!-- 删除单个 -->
	<delete id="deleteAStudent" parameterType="Integer">
		delete from student where id=#{id}
	</delete>
	<!-- 删除多个学生 -->
	<delete id="deleteStudent"  parameterType="List">
		delete from student where id in
		<foreach item="item" index="index" collection="list"
		open="(" separator="," close=")">
			#{item}
		</foreach>
	</delete>
<!-- 	审核 -->
	<update id="reviewStudent" parameterType="student">
	update student set admin_flag = 1 where id = #{id}
	</update>
	<!-- 审核 多个商品 -->
	<delete id="reviewStudents"  parameterType="List">
		update student set admin_flag = 1 where id in
		<foreach item="item" index="index" collection="list"
		open="(" separator="," close=")">
			#{item}
		</foreach>
	</delete>
	<!-- 修改一个 -->
	<update id="updateStudentById" parameterType="student">
    update student
    <set>
      <if test="student_name != null">
        student_name = #{student_name},
      </if>
      <if test="pwd != null">
        pwd = #{pwd},
      </if>
      <if test="student_class != null">
        student_class = #{student_class},
      </if>
      <if test="final_grades != null">
        final_grades = #{final_grades},
      </if>
      <if test="comprehensive_assessment != null">
        comprehensive_assessment = #{comprehensive_assessment},
      </if>
      <if test="competition_add != null">
        competition_add = #{competition_add},
      </if>
      <if test="activity_add != null">
        activity_add = #{activity_add},
      </if>
      <if test="cadres_add != null">
        cadres_add = #{cadres_add},
      </if>
      <if test="picture_prove != null">
        picture_prove = #{picture_prove},
      </if>
      <if test="teacher_flag != null">
        teacher_flag = #{teacher_flag},
      </if>
      <if test="admin_flag != null">
        admin_flag = #{admin_flag},
      </if>
    </set>
    	where id = #{id}
  </update>
  
</mapper>