<?xml version="1.0" encoding="UTF-8" ?>
<!DOCTYPE mapper
PUBLIC "-//mybatis.org//DTD Mapper 3.0//EN"
"http://mybatis.org/dtd/mybatis-3-mapper.dtd">
<mapper namespace="com.dao.adminTeacherDao">

	<select id="selectTeacher"  resultType="teacher">
		select * from teacher
	</select>
	<!-- 根据id查询 -->
	<select id="selectTeacherById"  resultType="Teacher" parameterType="Integer">
		select * from teacher t where t.id=#{id};
	</select>
	<!-- 添加 -->
	<insert id="addTeacher" parameterType="teacher">
		insert into teacher (id, pwd, teacher_name, student_class)  
		values (#{id}, #{pwd}, #{teacher_name}, #{student_class})
	</insert>
	<!-- 删除单个 -->
	<delete id="deleteATeacher" parameterType="Integer">
		delete from teacher where id=#{id}
	</delete>
	<!-- 删除多个商品 -->
	<delete id="deleteTeacher"  parameterType="List">
		delete from teacher where id in
		<foreach item="item" index="index" collection="list"
		open="(" separator="," close=")">
			#{item}
		</foreach>
	</delete>
	<!-- 修改一个 -->
	<update id="updateTeacherById" parameterType="teacher">
    update teacher
    <set>
      <if test="pwd != null">
        pwd = #{pwd},
      </if>
      <if test="teacher_name != null">
        teacher_name = #{teacher_name},
      </if>
      <if test="student_class != null">
        student_class = #{student_class},
      </if>
    </set>
    	where id = #{id}
  </update>
  
</mapper>